{"MART": {"partida": [[3, 1, 4, 2], [2, 4, 1, 3], [1, 0, 3, 4], [4, 3, 2, 1]], "grid_original": [[0, 0, 4, 2], [2, 4, 0, 3], [1, 0, 3, 0], [4, 0, 0, 0]], "size": 2, "tiempo": 56, "errores": 3, "dificultad": 5, "puntaje": 305}}
{"JUANLOCO": {"partida": [[1, 5, 0, 0, 0, 0, 0, 9, 0], [3, 0, 2, 0, 0, 0, 0, 0, 0], [0, 0, 0, 0, 3, 0, 0, 2, 0], [0, 9, 0, 0, 0, 2, 0, 0, 8], [6, 0, 0, 0, 0, 0, 5, 0, 0], [0, 8, 4, 0, 5, 9, 6, 0, 0], [2, 0, 5, 6, 0, 0, 9, 0, 4], [0, 0, 6, 7, 0, 0, 0, 0, 0], [0, 4, 0, 5, 0, 0, 0, 0, 1]], "grid_original": [[1, 5, 0, 0, 0, 0, 0, 9, 0], [0, 0, 0, 0, 0, 0, 0, 0, 0], [0, 0, 0, 0, 3, 0, 0, 2, 0], [0, 9, 0, 0, 0, 2, 0, 0, 8], [6, 0, 0, 0, 0, 0, 5, 0, 0], [0, 8, 4, 0, 5, 9, 6, 0, 0], [2, 0, 5, 6, 0, 0, 9, 0, 4], [0, 0, 6, 7, 0, 0, 0, 0, 0], [0, 4, 0, 5, 0, 0, 0, 0, 1]], "size": 3, "tiempo": 56, "errores": 3, "dificultad": 7, "puntaje": 7898.714285714286}}
{"POLLO": {"partida": [[0, 0, 0, 8, 0, 0, 3, 0, 0], [0, 0, 7, 0, 0, 2, 9, 0, 4], [0, 5, 0, 0, 0, 0, 0, 0, 0], [8, 0, 0, 2, 5, 0, 0, 0, 1], [0, 0, 0, 7, 0, 1, 0, 9, 0], [0, 1, 9, 0, 0, 0, 0, 0, 7], [7, 3, 5, 0, 0, 4, 1, 0, 0], [0, 9, 0, 6, 0, 0, 0, 0, 3], [0, 0, 0, 3, 0, 5, 0, 0, 0]], "grid_original": [[0, 0, 0, 8, 0, 0, 3, 0, 0], [0, 0, 7, 0, 0, 2, 9, 0, 4], [0, 5, 0, 0, 0, 0, 0, 0, 0], [8, 0, 0, 2, 5, 0, 0, 0, 1], [0, 0, 0, 7, 0, 0, 0, 9, 0], [0, 0, 9, 0, 0, 0, 0, 0, 7], [7, 3, 5, 0, 0, 4, 1, 0, 0], [0, 9, 0, 6, 0, 0, 0, 0, 3], [0, 0, 0, 3, 0, 5, 0, 0, 0]], "size": 3, "tiempo": 56, "errores": 0, "dificultad": 7, "puntaje": 9998.714285714286}}
{"OWK": {"partida": [[1, 3, 4, 2], [2, 4, 3, 1], [4, 0, 2, 3], [3, 2, 1, 4]], "grid_original": [[1, 3, 4, 0], [2, 4, 3, 1], [4, 0, 2, 3], [3, 0, 0, 4]], "size": 2, "tiempo": 56, "errores": 1, "dificultad": 3, "puntaje": 9698.333333333334}}